"oshaskhmznkxkrobo","25"
"hhgcsurkzvvgnkbpanp","33"
"mafyfgei","21"
"ofonjagoocvzm","16"
"gdddacerrfrom","29"
"bozexha","22"
"aukjmljgycllumt","42"
"bsjmkjssahld","43"
"oamaormwulu","43"
"gahmvgnkwdizc","34"
"gaafxnzompcc","11"
"jwraosojzvcbj","40"
"oyferancztkeytmscv","31"
"emyixwjxumcafgdbe","33"
"slemmomafzhzw","30"
"mcayydfmcmrwns","15"
"fjmauniuggilmlml","21"
"aedhopeotvtspucgji","41"
"ragbrhi","38"
"skayczk","30"
"hydppracwhksgzcnyg","37"
"zzaxwsloadlapvcmajb","11"
"eumnukacxjcobuc","27"
"vguxjarwi","35"
"vatgwrbwu","38"
"pmnlgiahdwrjsrsyt","16"
"idmvhmostfdfmpxa","16"
"jazpcfyormhfey","18"
"kbsatxbpey","35"
"sikpavordjuepmjjm","37"
"eznatjnofnp","26"
"pmmsbirxpepabuif","40"
"btplxfrpsan","28"
"adpfexok","20"
"ahmcgdxxl","34"
"injspgdpjfvzawk","47"
"nlypvnhxysjatyodzr","39"
"ljwbkmoapkissjv","37"
"dyvabxrv","17"
"jifjjfcangk","24"
"jpadexzrifyzbu","21"
"yyjdmklmvjynfogmavc","49"
"anxbiiapk","12"
"ghswapwjdxnvfgj","36"
"tjihknglta","28"
"sojjbxepahym","26"
"iyxawisklee","12"
"zwzvzyxasmwxaxandw","18"
"amcaczkuas","29"
"wmvihssseuzalivj","14"
"clsnhkyszahnr","26"
"ktkpiikjbcadyd","11"
"yvldyctafsxkzx","31"
"ouhcusnmgrzyarumaam","23"
"chncyydktljasnyklv","41"
"fagbejepfskpiluza","42"
"xursjaajdm","35"
"fjnareidjdrv","28"
"asacckljyhpwpsl","10"
"vveirrkprlat","11"
"cghcltdxzfikska","37"
"duxdyagcnvy","40"
"rxjifzsuastcyy","14"
"twiildakcvsub","34"
"odejrazsyt","41"
"vwbsdjamjjd","22"
"yiapzgepgxkoua","39"
"gfcbytja","39"
"hvyupmhwidbotvfat","24"
"ytjmlcsiunax","18"
"lpvaxkojzollalih","39"
"pkbgdpkvzpkeyza","47"
"tmkwkiycrswlpiacg","11"
"asfrpiijiynmsevm","31"
"vtfpcankfjet","35"
"esnjkbaibccdetev","31"
"tivhnamg","33"
"aucvcrnkn","42"
"eyokattmahjhotjgoyl","48"
"iagptubhhvv","16"
"jixxbinoctwkab","12"
"vumealhgxmikxdnfk","47"
"oawbzpcittk","19"
"srzeleaccmobsn","40"
"dkanxvecbwnnktr","24"
"tnkxzaffyfvasoayc","30"
"pvybbpvaixklek","48"
"thyexaliygxnrggcict","42"
"lnvjcvexbcvrkdvasw","17"
"vcffkaas","28"
"brktnxxwsbrmwnejafw","33"
"gdwecfyxtjeuaybihm","27"
"tjygrjptblavlyzhuu","26"
"tddaxbkixim","26"
"lttyalxy","45"
"ikwzzijkjalvdny","37"
"nybhxyxvwca","26"
"lbigwoyaopbjlxjj","49"
"szyiaetzreltasdr","36"
"mpmbltwgiyarrdrxw","34"
"ledzmavxj","15"
"gegfjntsapr","29"
"shusnpbnafmlnr","48"
"aozkucgnjljvrmjpk","21"
"hvabrugvv","38"
"hfsmjsilscvuwaap","48"
"uyrzoeclaxvhmvlky","11"
"ggztsrcnrajt","46"
"zejfecforwahvrttyc","20"
"avefcmiizpzmj","45"
"fmxoagllufpsdo","48"
"fnwxdygyarnounrdd","17"
"dmipsswraicza","13"
"ilaecnkoljlrso","22"
"ibmiifciipyzuamvjzo","45"
"bscaupelxchrset","34"
"cpyuwwatkv","11"
"djarljgpbfnscaippf","20"
"ctaealalwglpjbfkx","48"
"dhzyzaihnkccyhnkrf","42"
"kuvrcmxwxcpgvacx","44"
"awdfxnlukhdvp","18"
"dahrmhmk","23"
"nhzdbmkcdoegamg","44"
"pxrfvipai","38"
"cgbjcggtrwuxakch","27"
"xiztoxryclkvhfczau","25"
"mvkalmyjrut","13"
"rilhwassoospncrm","17"
"pejdaiveoppeucj","37"
"aegfiikcgw","45"
"nytynan","49"
"lofhljapeazvewyu","14"
"rrmxllpxgaihxcckgr","42"
"xponvudtgxdzjcrwaox","14"
"auzdxkzctrhvbz","32"
"ankdgdxktjxumkunmom","46"
"jppkachmm","31"
"tnpudjal","36"
"anejknknedikycfop","26"
"ydnvxadjjbj","42"
"ldepamwbvveuo","24"
"bxvhcoaeotzdodhavd","42"
"lrandfdzb","10"
"paalgyjzud","17"
"ktmdztahu","47"
"mzfrxlgvklmfiapmfkh","18"
"cvadesweiuhdvjntsma","15"
"jmksvpbfayheu","14"
"mcdghnczxihuhyoscva","33"
"osswakyfyu","46"
"uboryyylvarpbz","25"
"ddargrx","47"
"iumgcaunewkcouavoxk","26"
"kdegvajvldzfr","18"
"zxxdlrdrpvbpwalw","33"
"yggyjhvfkaj","31"
"wandhfmtfivotrijjw","20"
"ayepyer","39"
"xriynhraokgrmli","23"
"cbeajczxi","47"
"fihfrccjdwavjmt","32"
"uaihealubulvcyrnda","30"
"yvamfzgl","38"
"vwbrskuhagjy","11"
"jlmjalzbzdtnudp","36"
"aancxijzpxtb","37"
"kaxycrwuey","32"
"raxmadfwzpjxxwoslr","34"
"dzgscyzzanw","36"
"ymjdobumjrkfnkvav","29"
"bguailcmkk","37"
"novmiekjdan","15"
"zdhmftktmbxbdndura","20"
"crhecgymmati","24"
"gwumgsksfa","36"
"fxpaserbjejofrn","42"
"ltlipauzolzkvpnsb","34"
"cpdkfxcaxvumcjpbe","11"
"ttszfdsawbswspobhlb","27"
"hjourfdnwafkscip","16"
"gbubajjztaxgdyxzuu","28"
"vlficyuggyvpykupha","46"
"pzaatbfov","19"
"jiclvgfavadrheyyfh","29"
"lztxyioxmhzja","29"
"lzutrzcbdhafijrtndi","15"
"bcdupdafkbmfdpb","33"
"jzduahncukj","35"
"sntraeyiahuizpol","46"
"asguaxbyabgwrr","28"
"vvcgshysfgaksh","20"
"nsjjgca","25"
"ypccxuhwaaxttlfdakk","18"
"swudsnucycumza","16"
"sipuhawldgzo","28"
"faffvyxavctuliptmi","10"
"teuzahkfwzkfl","33"
"badtdhkviarirjrjyc","11"
"cjkbabl","10"
"ilnsbrtiyomasaxg","44"
"lkacsohkwp","22"
"wveeyapszkyfy","17"
"cjwjbmhiza","29"
"ytcstmaxlckkczzsff","10"
"cdyrjvizbsdxhdab","32"
"jlaipzozuntjzcwpp","31"
"rgilbjyojshmuwnan","33"
"dhgribwndwhann","32"
"vxptdbnanfonxg","44"
"xtlsueduszvzdjohae","33"
"wjxvcanzkrntfctlfwv","22"
"wdfzfahizv","42"
"xsaxcjkweybpvpov","26"
"haeokvjdomu","34"
"haslrwmnbufmwewr","45"
"zfkkdtac","27"
"inonyfbooeaznvlhk","13"
"afabokwzfcwbxusako","17"
"wfrtnaeu","42"
"uehlceaizrsdxafnoj","49"
"emoaxdxbrdyznb","20"
"pyggklajocmgdtjwu","24"
"woxgwinbjvraw","34"
"kbrauhzndhyhxnf","13"
"eacbfkzxnlgmacxu","23"
"drehwjsujavy","33"
"zcxsjdlnzmzzkma","36"
"kgscjsjtxna","13"
"vktisadrcsj","10"
"mwgsyanxebcx","47"
"unofzgaaahpoxymer","44"
"acnrezbgmoz","23"
"askxhzaiv","37"
"gyhusccgoeaay","29"
"twmcapcfnuzy","33"
"scecwmjufazu","15"
"iaeprra","12"
"vnfmvjapgwc","45"
"abpsdebfxbzevopo","11"
"udoimfsuxcsuwbica","41"
"dcadvsgyag","33"
"jktfyivskniarwjv","37"
"aalhsvgiehf","37"
"ewaycxyrejzirjpuhiw","13"
"tzwcaeiszd","14"
"jpozksmyrhtbarhp","42"
"pzuvomyvepuya","43"
"tashchgifeujilizlfl","12"
"vbrsjalnxun","39"
"zcuwnadmxi","16"
"hpooacwvcwajox","16"
"cpagazfhmnexrrtli","34"
"vwifaifhnf","28"
"acmdxlb","41"
"lydivkrzeva","11"
"svoxksiaxsxzrdlw","25"
"gthuhyudxivhuvnjas","30"
"dpophsmjjsiizwgaex","33"
"zwspafbz","31"
"gjamptfs","27"
"fcdturmka","12"
"ayybjbdkthdewmfj","40"
"pcoeala","49"
"swmjbbzxztmcuahi","43"
"aflotxvzpcaly","24"
"kwtnaibyvco","39"
"tjnovddmlhap","19"
"waugkastxowd","17"
"mnlmlblthocbuia","29"
"mxvdkprtxssetgearln","45"
"tnacdpnxmp","44"
"kxknuntyzuacbhtz","37"
"kiadlkuve","35"
"wpickzexokainmeavg","10"
"thmoabnjwndkgo","47"
"owvwrmwzasgf","17"
"tjignxjzfuwyammf","31"
"mitsuwjdprwmwal","19"
"tsbpjtuoara","21"
"rvxnsldrgxngkatr","49"
"ndwlooghvtkprlyao","19"
"mapvvvo","21"
"urpkakiwvxtzugfzte","29"
"hsegcthapsag","23"
"pirnamolucaaxuew","28"
"gabegfiwixnpn","14"
"ysdyovbeyahmsjnwg","39"
"goocmmajixc","40"
"saolvvbzdfinmgxgo","13"
"xanlwsioor","39"
"aemmvyfyaelk","31"
"jxdcusnvwbjaprxmvjm","33"
"tpbyagbxuyia","31"
"tagtvmed","30"
"wxmsdfsfavhs","49"
"abnuaxzlzkoopd","39"
"pkrbfanvguubtscdr","32"
"lgiguhibfanblg","21"
"afrvffodk","43"
"iraouenwlifdpp","10"
"tcaerkdnzye","27"
"rsbbdtwa","44"
"jgaomcjhemhohxk","10"
"jvgtdrhalgh","21"
"ybzruwacxvlvbcjn","27"
"inthemwobwbuayikley","37"
"bmlcbvhejgaoav","36"
"khahvkbiewyyef","28"
"wavnnckxhk","39"
"awjvswyi","28"
"kdpfgrgaeaktlaumr","28"
"cxvlumgxxyaxyui","24"
"afgaclblgs","31"
"bfvaypmeotfiklyz","35"
"cvazsdmdkh","40"
"avltwkaenftvfj","47"
"euwwgnmuaesjjs","26"
"mxsfalalhcfdmtvbvaw","43"
"hmdxihctmdrkxawc","46"
"kbfgpprpfoamrvvt","45"
"rrrneosydoahxum","19"
"noezgterictsrxaiye","44"
"ngczjaullefmbicatw","11"
"evrdfhtowazt","15"
"zvbaksjwaznpcp","10"
"arkhthtlrodopsrhcbi","27"
"crhtyuuwaco","18"
"fofzipnzojlwuaafgi","13"
"ozbanmagofsytahf","10"
"aiwbhaeiwvbuw","20"
"muruntbusuaihbgmc","31"
"fxlkrryorkbsefamc","42"
"pebjmgeioauofwczs","45"
"dwrcatopw","47"
"abutbvhfznaydrrnmu","41"
"akfyiwolfatim","24"
"nzaxyuchzm","32"
"uonsfxdwbllae","31"
"iuklatx","42"
"bkmgctbezldxma","49"
"xmovatzg","20"
"pmxacreawd","26"
"vwisamz","31"
"wgzuhwwxvakvkrrbwb","45"
"ofmpaisnie","33"
"xrtgnerslkcaz","48"
"aijhyfm","24"
"jdgdzubabz","30"
"xbukawejynl","26"
"zsggrwxlploaiz","40"
"wumbuhlogzpiaa","11"
"isundgabbvvikpnnm","12"
"yaphvblbw","42"
"zubmkbavjwnvyxu","30"
"lpattjnrnsrzwl","13"
"ljrbwnazvlyjib","14"
"ldwydriab","43"
"fcbjytzkjcatdtsxuux","18"
"zhceylthhabta","19"
"uaucxkjlppyd","12"
"axpcbtxuuiwanl","30"
"crjdadadtfzam","10"
"knxnsdyvzawhtbyvghm","36"
"eeyxatok","25"
"obyrkdeawpciory","33"
"joadtiawdgxkliiezz","30"
"huegznajw","35"
"kbuhgabwl","42"
"ykasxotniriutahv","14"
"kpufxabcdnrjlo","11"
"yivvpxjedeidnapg","14"
"idtfkwmwdmivbgia","22"
"habdclga","25"
"vtzyshatsfne","29"
"bybxsuas","45"
"jhzdnlywefzaugbyxs","20"
"oygtofsfgak","11"
"natwvhaxezzcndnp","43"
"vpaanwp","41"
"rwiwfpiufatd","15"
"rbkzewyamezrz","29"
"crtnkwshtnwhauk","18"
"abptnavaet","27"
"rrrbyladyrgialxz","14"
"nirakpcffgnluujbhn","36"
"fspkaueyvnns","25"
"wkpnueurbdakuo","31"
"inhmtatuvj","18"
"ckiavzbzrlry","30"
"nbraxvdnymmxdvubnz","20"
"kfhojva","30"
"pdsvpjncivdaor","15"
"bjusuhgvgunszgtaff","25"
"jtbgbayvpkyynia","27"
"pvriaxpumdmtoxuu","23"
"fafdfdinloeefgbfxdr","45"
"ussfmughkyau","36"
"vyppfxamjpsdvlrx","15"
"jjmdgjkbevdhmeepa","35"
"gdwzfieyacjwmcj","11"
"bgrgntdiwtnevjag","21"
"wazgiolulaymds","32"
"fsaazzmpbrkdywmdds","47"
"amysmujs","22"
"eagttgivhcaud","35"
"kefgavoifioz","40"
"ojkivrak","43"
"xttiepexiykmaghxsy","21"
"yijailaelkhzpzz","28"
"faooevugmge","25"
"gltrjpxaxfvo","31"
"gdafrahnvxbzisulu","23"
"grvfhatacvnrxdch","27"
"unadoosxisbdnxmgx","34"
"aucfibvclzjgpofhzt","19"
"agpdputr","16"
"hacpbbfdj","49"
"xptbbvvhfptouda","21"
"ogwozcafvadnpnnfm","26"
"uvrozlnavnuogxw","15"
"mikcneaniszc","22"
"macnpbujpp","41"
"tgsrncfyeauxuagnd","39"
"eeywefvtcna","40"
"zaufgcmincapsfxiilo","34"
"aopltwok","18"
"mcoiscna","11"
"pgflrswbjavuvk","22"
"mclxaulhxsuwokmee","14"
"ycfkabw","12"
"znglfane","40"
"ntwlosakdpoilpm","35"
"sfgsfamdiwts","37"
"wmoadbofrlghw","18"
"obygvhhkiapikrij","16"
"ufgyppeuda","42"
"nrkoulpfwhhkllahiw","12"
"cbovarplt","12"
"cfbsmgbyoba","42"
"tsjhawnoemlovfvmm","16"
"fzaxrcbz","26"
"zxlzfzghnkaetl","12"
"agcyrprootlzodbsr","40"
"tazyhpx","32"
"rjtthvoatasgk","35"
"gwavliluirejptoots","28"
"ziffznfrvmfxansj","31"
"kasxjriluzp","40"
"fnhgecufvnfopmaw","24"
"ltyagew","40"
"leedardpxythhe","39"
"plksedkjcaszktg","33"
"ldnyaxw","15"
"pydxltxzbbragmjushp","38"
"yencavr","11"
"hagdrmscwvekbnehexw","40"
"nojmzpmiac","10"
"xxndijudawbct","30"
"sahnkgdbxoyeuyzoogg","37"
"xvmmhxabo","41"
"aungmhexepxeuptgov","40"
"tncegalogoxsm","32"
"vnyhaptldja","48"
"rpjbvpsxewa","19"
"btyjmywaxjxiixgi","15"
"ltmassncvcmpfoxkj","49"
"bxoyvcipaxyh","30"
"uhtmaeypigfcsxw","39"
"gplwmvcrfalen","31"
"famcnidc","24"
"rdwfapmfgbxbr","26"
"wsoaswpeobmnxrgodsg","39"
"yxzyfcecpyoasdtcsa","35"
"ujezxlkazg","49"
"nispflxatmwb","17"
"ruafxij","49"
"tuoyuiavztbbsgpatph","23"
"uzphdmdniuepkabdd","10"
"fbnvnauzayhsrtybbe","14"
"duldrgwaxnhp","22"
"nlabejsrsuvnveg","31"
"vloeaahyrvmngpnb","20"
"dmramtjwcyokjufderz","20"
"onacmlnuitgh","39"
"hcdgtneawgrnvppf","31"
"kzosaatczix","46"
"fkocsgfgpzaemjdote","17"
"vxoazom","19"
"daayrmunwysffjjkxg","48"
"ncasgwsxadeekmx","30"
"jzhvgavtusmbs","12"
"lenhpwuayldthouvhet","45"
"tafbxeiypy","20"
"eapmzsriisszu","27"
"beetlarx","49"
"cdhautnleuhs","43"
"xpeafphdglkhvf","43"
"xecdaxbuyeasecablmw","46"
"iushjbjwafcibpji","32"
"ykpvjbeehxnlmxgaf","21"
"ephxnjajupv","42"
"xnvxtmazwiphgmeildm","23"
"dsmewtzbmsiaptte","27"
"wpmizuebfpzydaijkje","21"
"mzaillwxo","29"
"dbacgftxiznk","17"
"ivugocvaspm","10"
"oaxnklc","29"
"anxmyovnhd","39"
"iielpzakm","42"
"xxpwyvovatoyvzszidl","27"
"jsdesvphvaaotn","33"
"jjyhacczfpsviyns","41"
"zewxroyncmvafgfymh","22"
"ssipacwdhxdvgx","48"
"hjhfwajfza","35"
"htgmitofudua","18"
"bdounanwy","11"
"tausnwdwx","26"
"knmkskaew","48"
"swzaibntnjovftxhb","34"
"ieffmarblu","45"
"lemcxakbzo","20"
"brsraekznehkkfuo","39"
"yazrktvohrjb","43"
"fmawumuxhgm","19"
"avvkaykcvfa","25"
"addfpdykkmhoeu","43"
"tfmudikhfaiafxlpll","41"
"mxmgvonrunfbjmneca","15"
"itlijbsaw","15"
"iilhcrfafwtexhee","34"
"tgazkcineyossusbve","48"
"vcurnav","32"
"kvaotafrpdcopxg","11"
"yjllbhlwciinxoahk","13"
"oisutdjafwd","16"
"drirvuguajjyngiv","49"
"udsmyacsdbszzdejah","42"
"xzvnabrmsvrmard","28"
"makkdsfulsuroh","17"
"ybezkfmyzxyeukxbgha","37"
"takejsaptwngdi","22"
"ithoovisyaunoogfub","32"
"uzuplthtam","47"
"hkaephupaxm","21"
"irzaplzxhkaut","22"
"llagatfdplcw","31"
"hptmabhszhg","38"
"pepgbxhigiolfmepaaz","17"
"vrtmayvuuvglhvoesus","23"
"nxevbphkan","19"
"pnhialnpinm","17"
"exyxaoajdzh","39"
"akibfcfux","10"
"gwlpmknrfrivaznr","30"
"osrvavtp","33"
"nlstansfevboknguptl","16"
"xuehpjdeeaedu","36"
"nrmrawoxrvarm","27"
"xlpspxvaww","47"
"vzzgeamabe","12"
"dmkasmxktcehlgrlj","18"
"zvmazyldpr","21"
"ztznrjrzyvviazr","36"
"vzshaazlyksullfoiff","45"
"wrcjajfrn","47"
"atdwbwmrf","29"
"adugvamvukfxnflk","14"
"drsmjvziona","35"
"vmxrscxaybb","22"
"pcitupejbdnecarmz","12"
"drauimf","42"
"vchgxsamu","31"
"jnzaldpddfxlkjafrnt","13"
"rtwhhyvnakiyyhssmy","23"
"ufnpaoyacrwmfke","14"
"gcvsaajp","23"
"lhujblandljnpuvdzx","44"
"dpiigjxdjshugrsmaxp","46"
"ahnvzatwrdv","36"
"nlzyardzofm","25"
"seuahgv","13"
"mncdvpcnrfffspa","43"
"dptcagssglfwliykh","27"
"oedejdypvdkthaxpfc","34"
"pzphjlzmpxahabo","30"
"xhxohavcaexuf","24"
"cmunfakzhenofrilmbz","14"
"ajmynpc","13"
"rbliaiioybcxwb","35"
"duujatyixwfypxxoxyo","26"
"vpaavafaebm","17"
"mplijkfcanejamryxy","14"
"ylpubmivkagifw","49"
"ascjwclroxmkyslssm","47"
"askprgbherce","30"
"ngeokuowymolumbomaz","11"
"jtjmrfdausa","38"
"bilrmtmdfuypammmp","48"
"vitdtpiibuascawe","25"
"whdawjnrfsgjarnyuvp","38"
"hdlvntalddsg","16"
"tdbhninvxbtdbxhayvn","47"
"pculdiabzslkg","49"
"nixjdzzahzzjffgbkn","30"
"ubhawxofuptvwim","36"
"awhsvwufjghpciygx","11"
"vpvnayx","34"
"wudyapj","41"
"xeuyrsyrghnfa","46"
"ovaulxlm","18"
"srfnxlaadlntue","30"
"aazrjwceowmxfhg","31"
"cuacgmhghclpz","17"
"knlxkakjucbhglasou","43"
"gdgmaezzffhgrxeb","41"
"zuxanbgmcnwjlnnv","25"
"jmdejanaviibozctug","34"
"aufvjzikjsawxubb","19"
"vaumdspablbsaphuim","44"
"azavvimwpiobcvxl","15"
"rgaavkzcwim","43"
"yrngapwjisulju","34"
"tubfacytspsdvbmr","25"
"dlzgunhmnma","13"
"cazvijll","10"
"bkahxblwbmxfemxk","24"
"atohgur","44"
"dwgamrsolpnxuus","36"
"jwnlivrfagjokd","24"
"rjmirzeotjbaaeak","40"
"rlwrdoiojanhxeyp","15"
"lwvhckka","22"
"zlbvveomiwa","10"
"havdpavtznx","29"
"riuvknkudna","11"
"wkwhzjefa","25"
"vfkyopylarkwvp","16"
"dwaiyyi","22"
"kvfvplgmbkcmmxat","48"
"levsnmnkrvratudyw","45"
"mlmuvwxyzazzgotojbk","41"
"wpjdvwcmrgblay","32"
"vnasuullhvkizlxxft","27"
"zkanxsangcdasldz","30"
"atvvbxmfdplioajg","29"
"godyosuvaskxliikzll","30"
"bhhsbmlnxixam","24"
"dkpwpdnnkagulljjvpy","19"
"xuwvsehoclaxx","27"
"agbfuwuaytib","23"
"amrlttwjsnnojf","28"
"xrvzyvfax","21"
"zkvadfbmzfwxxclhhyl","16"
"wwzrpgajowrwoj","13"
"pxftilaof","17"
"ubakvjr","29"
"jehhboyain","40"
"weblmbxhvptdkiba","27"
"wagpuikkeirm","27"
"pfinuhmtwhgomwrwcsa","32"
"bjwbdcgoaji","30"
"rpprihzgyxctmnhpta","23"
"gmmlcatcatu","32"
"wcaskiejvlbpnbslsre","34"
"otzaygt","41"
"xdasjrwmjotp","39"
"ddxahwrumggbi","16"
"aeknykvgdzjezdkodo","26"
"oyyyamhodyplf","24"
"mgdmutebemyyoac","18"
"gouavbzjkngwexd","30"
"hptkwrgjstwaxrkhj","19"
"ewjjborwezrmdra","20"
"sblhasizbgb","25"
"oxcxjfylajifojjxvk","30"
"recghmgudjkfa","24"
"mpalmdh","44"
"dnjiblnhbgwngvezfja","39"
"cauyrxweacauylyxp","11"
"wxihzmxakaoegnz","24"
"hmthcaskawbhfns","34"
"ljwpaeyjpslunlgwx","17"
"anhjphujxdfyf","14"
"agdypovtitmv","29"
"dyfvykaneemi","14"
"rvdibkmufsfjaxwu","39"
"jnziahkhvwzruu","36"
"zcdbxvyoyays","45"
"xgorzajt","39"
"xokhkmevvalgwsreory","42"
"cfdaaaazgjjnixvl","38"
"sistlghantrszyc","25"
"jeyjgsiaptckruoo","30"
"jokfkjeojwmisda","12"
"vdmcxexactxf","12"
"upgvfabhvgzebfb","45"
"fwzzvrjnwgeiiaw","48"
"luhmnzkabfhwtiimic","44"
"jrmdbeugcafjdx","15"
"cbfmdwdxkvkljdlfma","23"
"zihacodzlml","12"
"bohmoskgdfbyrta","16"
"adxtluuldibip","20"
"wocrazmawyu","33"
"sdujxvahnvljundkxfz","26"
"hkjawehyaizjrtgbhj","15"
"xbtweysjwgatiza","39"
"knfnxeyagkeaodvk","25"
"zpcvrunoalmeansn","40"
"zrzkdzhkeeviaog","26"
"dwkraepiyvwufajcc","29"
"viegxjwasdnlwakkmsy","27"
"llarrcfvjifhuciffz","49"
"gayswjudahkouxd","35"
"amrhccppozlirw","12"
"eriuerpasnpyexkdc","41"
"sacjnlxja","17"
"naxfidpocpbgj","40"
"gnhiwab","26"
"fcnyabrxmmzaanaaviu","39"
"mjwdxaeshk","33"
"erbvvaaikpbdftb","46"
"pgdsfylnczaejzhz","46"
"umipkbcria","13"
"dhobtdzbgauuhmld","24"
"eaflugcbauh","13"
"dvfyvrgvbskysai","49"
"zmalayxbdsecih","45"
"zvnavru","14"
"kmbaokulnugx","36"
"zgdblexrvenazkjdkco","16"
"xpjudhahiwwiolplzod","26"
"dafhozezdhrwc","41"
"dohfewlniirwawmm","48"
"nnmhlpktaayvzouc","10"
"thxcylxbasdxf","17"
"osdkdpaelfdgejnagz","38"
"taomtjztehhnrzxntv","18"
"dnzrdkdmyjac","16"
"kavnwbywydzadnesa","28"
"yzlyvdajmteijfvdsb","47"
"fyohdzucsa","29"
"tvczdytkorzpgndfula","21"
"xowafaxmbue","25"
"nuziizmgztuloacfvcj","11"
"fosergjhpozidcyasi","25"
"vugcdcupioiva","22"
"snwbfdsilazuunfto","27"
"vahbvguyhjetenpor","24"
"dlwerlaxdtspykxkbp","38"
"vgkyavtjdcfghcwgbam","21"
"jbblgehklvdwyrvzya","30"
"ekaptbgonwhvmgr","28"
"jhualbwexz","21"
"ranksejikbrl","31"
"xegzabiumoiyhp","39"
"cajaawhhnxaj","16"
"cwtmfkpflwnnzagfe","46"
"njxapubvxiekjkvbw","24"
"zauvywvnajjsf","27"
"sxbtkeiau","35"
"rucwbbrapmucsztjmby","43"
"fpdksfcasypssjymsu","44"
"kyopoygwaahlbutr","46"
"fhabfbdv","17"
"bgsazdizoyk","31"
"itkzjaoymwjyigcf","46"
"haueojymkrecy","19"
"jaccezgzbnoae","39"
"nkkacen","29"
"zcaslbgdslwikecmk","26"
"ftmcefzpwamlwrks","32"
"knddgeatgyvcivbssab","14"
"mxkpnomeazabbktja","23"
"jatwidzowgexrhbsysh","22"
"pniitypjoyma","10"
"dihmfwtxywasavkyf","47"
"oeyreimuhuzaauuhng","12"
"urcnapucxnwoj","36"
"gehpwbla","46"
"nztbciiiodybywayyn","33"
"dniofajdxl","15"
"tlabchgabm","38"
"ydiglkwoygeactbiguc","38"
"vowxlawhfgsh","44"
"jazvejdhmhcjvsy","25"
"afkfmebucwyghanygis","19"
"trziiwpeeapyf","18"
"bkkcawglbxci","16"
"rfkysaaxtom","25"
"umzohayrviejgngn","19"
"ywpfrkgrzugjwvap","44"
"jaoaicnxulrzfvxt","48"
"uefsakodwdbzxsjxr","45"
"gsonxebkzacirfxojc","10"
"xoevlrtopapsl","15"
"zrzsfkoucgaug","40"
"akkkgxgoyd","40"
"szosbafrdeyn","17"
"ejkfahvabrs","11"
"jahfjbvfndcpkn","45"
"rvrxtwannwep","25"
"jltfkujznayovebef","44"
"adoburbnvrt","29"
"devcxzzicuaw","16"
"almdttm","31"
"ruacvlbehrp","28"
"zhanmxmrycbtzmox","12"
"kasiops","42"
"glahtnwcelvjugb","47"
"iaxyrzwblaohllcfzeb","45"
"xmaftdvscmiezfgnbs","36"
"ikfddwsuakjkjfcgtek","47"
"hnyuaxydrsctzgzw","44"
"dyuafespjlrj","30"
"fdvivvzkwpfnoxzabsy","14"
"fxggdahecv","14"
"xgabsurd","13"
"ytkntsvsoaikylkccsk","46"
"abexyvusr","41"
"nhirmbrfkeseaps","24"
"djdombzlpjayjtiyyl","43"
"mometneea","36"
"cgaopmbynigawflyn","37"
"rjrabhlynjw","30"
"blkfimxkcvtglzlaj","10"
"msanyye","41"
"ebacrcgsutgijl","15"
"pasnxxtksa","44"
"zkmwbazoxip","15"
"deduasipuxlt","42"
"tnrozasefmwbwxnjb","17"
"arwnhdijjrwl","12"
"jzbammgcdgoiynla","12"
"ahzhzwdongtzmuwpxp","36"
"nplyoozjapiyhgp","45"
"wsjokxlotabuddemvsd","26"
"ozttukcrkcverjkgavb","47"
"ozeenbstcayxcmikrn","30"
"rasdofysekgpybkgseh","26"
"foiueofzaruio","20"
"ratamnpyyrhksplum","42"
"dmsixzaltutlpayib","19"
"vpnofjnrfamx","30"
"cvyosplpmemva","32"
"remoazndhymbgomp","28"
"ucmuserxlcanivjwg","37"
"nigbcratd","44"
"lbnrthya","44"
"jfkaxrvnkjhr","28"
"fvairuygchshtelnc","39"
"trswwrtxaynuc","48"
"stfmtbkgrtalyj","38"
"lseaxsr","35"
"fmufowa","40"
"cydvtamljpbna","21"
"fadetcbsojko","32"
"efxsdalcvb","48"
"cfedxkuhjfhtiaagb","17"
"lrlncawellmylvw","10"
"xysppaboszbtufcovvt","26"
"htuaauebp","17"
"ecrlhprya","32"
"zxmlktwbumtzugdapwf","24"
"yjfbxalcpomsrjl","48"
"cbfyuas","32"
"nsodawd","46"
"anuvlzwltsyl","39"
"yortnnpgzzxcwxalhfj","34"
"rzzpaax","45"
"skagdppauvwvpt","34"
"khjshwtajwkokiktd","25"
"zkarkonuau","31"
"hnjbmmjajxpwz","24"
"eoogwbllfycad","19"
"arxnmhoj","46"
"tikjmcxdayyd","29"
"ihydxbcasn","39"
"fmmyigxbraldesztuhu","39"
"zsuhfdak","19"
"doktyamwngcydr","20"
"gfhgefcjexaovkuj","17"
"glwsgrfhmdmpay","37"
"lfnrctfteiwrpab","31"
"uiiievnjma","41"
"zbkvfclpkkafsmrekc","39"
"hpveziax","44"
"xklflssjsiaaih","20"
"uahxboopvgce","11"
"rivaxpshtrggdgy","12"
"toweajjrleuozbp","10"
"wakrdbk","15"
"blrmdcipmfaknwpg","40"
"vbcxnxra","25"
"psaoxdi","34"
"zbcalnwc","46"
"xuzsfrksyatnk","45"
"canulbslfrhvastruv","41"
"plpoowacrbssvrh","23"
"arethyuyttdo","16"
"xshdyvekanctducba","23"
"uzwsaapbhn","42"
"rpetaezgw","13"
"vhkzcfngcahxregyrn","23"
"gumaudaisry","46"
"oppjdnbaadvhwhxuh","43"
"acebzbzwaj","47"
"wloyonjangtims","39"
"mjeugjgwnjvhbam","36"
"dhsimkgttgewavogrz","24"
"tybodspjuysomfela","49"
"owrabzihdhwxfigff","42"
"yrflpnwrtbghbarfs","31"
"zczpngrvnawc","39"
"aryruyrivewtouasktt","35"
"ixdimvpawoyxookh","20"
"asdibkxvpsbaui","38"
"oafzfhnibea","42"
"yrhklakf","13"
"coctyruhaivhwvgboia","32"
"ckchdnazvprc","10"
"pjtlppwkmfsja","27"
"saducgjbmjeshysvaob","10"
"dagfvlufsspctao","14"
"dukvxsllhtawnzlmh","36"
"occapkgacpkcwyhtwi","25"
"abfpeuivutpysc","10"
"aojokcofanlasjdip","41"
"niagjekykwkpdtprhes","22"
"iyyleayjwbzejzpfdx","34"
"uydeyombamcunbey","16"
"sujeunavzeiuxdmlrk","30"
"julrunygphiafy","31"
"aimzipmgnnkabfitx","16"
"afuftjhdhboaojgpg","16"
"wadpjzyjxrki","46"
"dkctlsubtalikr","36"
"ckjevalhpupeyxbca","40"
"zsktxfmarwdifxphob","37"
"zpbvmiynweeyafaiza","46"
"osnzaksk","15"
"wudarmtvvube","23"
"ahspeialltx","41"
"gbfoyeadlrnprkrpee","45"
"srazuafkyjfzywdd","20"
"ueiyharvuy","40"
"udbkzicraeeggvpd","28"
"sdajoks","41"
"bvsmfakrzgjpbmks","25"
"wehyrceksvxlwgjysaz","22"
"sjaijlogeipgljdsta","47"
"vayyeridnjicfaxbcs","34"
"cotoyvrtsvzbnaxuvj","22"
"ggrsxfzbwahxsifof","30"
"fsdyaskzgvxxw","14"
"hhzadtafchmabgsll","34"
"vwpukdvksygeruhmuea","31"
"gtgkanicvrhsoi","14"
"rpkshabnaxszrlpcsln","19"
"iuadtrkwfabusm","43"
"jhwgvlegwaocuzt","26"
"kgrcccjorsbaybwyt","39"
"hutnybbabmvgs","12"
"sldfmaxfortsyx","21"
"zbxsaoskyvgzxnrori","21"
"aprbluficv","20"
"ralvzjm","37"
"armlvstxbcysjgu","28"
"poiuxvtoppaae","42"
"edljyzadgkjahzfhyd","40"
"glcoxtasislm","45"
"ygufomlavtzdv","36"
"ixbztieadjtbpodwmyh","32"
"dvsytbueuosjyxfrauh","32"
"tczecxzaifct","48"
"mvcadcoc","29"
"onusdudwwktfmszgaxe","39"
"ktykgzvzbzarafrrrdc","43"
"ogawimgyzmiguyp","22"
"xsxcicwkbsxoabwmslb","44"
"lofithszszsssarfnh","47"
"feyauepzyv","20"
"hmttfpljnilgjaf","30"
"wrkzzzacesdajrtce","20"
"hpazlldwntnn","21"
"iasgtwahe","18"
"wtjsadb","24"
"utpbpfuwolrfxjarjfx","42"
"bihwsgezdeiyajum","33"
"dlsphxa","30"
"oikcukgpghauoawxk","43"
"kefpbmxzakwceau","36"
"lsdezpthptscahmushg","43"
"axntmfxenodtrn","18"
"bupipaoym","40"
"ejmbfuoupaz","24"
"owaycitebatjjkjm","44"
"zpasnotptrzl","47"
"enkwmtglsasrunytlkf","21"
"lsmhdetahp","41"
"uwrmxchcadmzrdzyrkj","36"
"aiombdjyzwbhutbubjt","22"
"esclwarjmiok","23"
"bmkvxnwczxufbwcafo","42"
"tdnujayjsbev","33"
"zbwvkxhrgbatdeu","19"
"xsrpindmxzgezael","40"
"oofizxmhyanbxjz","39"
"rtmwvctmdalfpieti","24"
"wzvicagkciedwafzjbr","20"
"bbtxxclpksjadyv","38"
"zbophitkpmyalnc","26"
"refaticfwihspvsyjh","45"
"smxtbthutbamii","48"
"vkgmncnynubaw","44"
"xsppcdyiazjyci","46"
"ctaycvecbdilsz","33"
"afggiwfcfjvjt","24"
"ompjymtcmeeyelnam","41"
"rupmdcxpafledfwuf","31"
"jfanofyetbvvc","45"
"wsouiupwilpcniouas","28"
"leudcnrlagssjy","17"
"vegbatbgsyvwx","33"
"mzlklyiamosyxmjyu","40"
"xtnagctjxcfcswj","29"
"yffegshutdaxeh","33"
"bwvbxchcufalte","21"
"odwximpirsmjuatcpit","39"
"asnvopb","26"
"pzrautwlyvxe","45"
"kaxkljrp","23"
"wpymradlnzttrojrzs","12"
"sskfkgtaoj","29"
"tblckaealidyhvla","39"
"cmhodcfixpimpaifxmm","12"
"eubzkcfatrzpk","12"
"bcinkecdulssmaiu","31"
"obfcwlawmf","13"
"rbnfjapbavcgrummsm","29"
"ydyazfdxsznznutdvz","31"
"mjsmxcgildrgihaadvs","18"
"uppjdwtrjapsbiitlsd","27"
"msunctdidxypuujap","28"
"nkyykmaxgl","14"
"rrggdhaetmnpjehrph","34"
"stnhlaopxabwmwi","36"
"flkxnauzfcpimbfyhz","26"
"sfzmgah","37"
"ktwzjxan","15"
"rfupmlpctdsabwsgx","26"
"krkbyewaxftfpxw","29"
"baiwirsjjdnmz","43"
"bmfwhuvzfabkycyx","34"
"kwfvdjbkar","38"
"edwxtbwpaitshhnlf","45"
"msadxbbmjxwn","38"
"cmhojalvojjsz","40"
"vnvjggwkivfakkpupm","22"
"zxavunbflspujxechv","48"
"giyuvarbvlpnp","19"
"fpkjargwnlae","12"
"aazdgzxeluooeirib","40"
"awhrcpgekvvxd","37"
"agprtfkx","26"
"cjjpjsanvjzpaoafhd","10"
"akuydrntl","17"
"aidauhelia","29"
"loarbifgajcxtwlvcv","16"
"nvakkjzheawvpo","14"
"alkvjftfzrllfkth","13"
"acjjcbovztdi","21"
"jptxhnvvnyhysmduaty","28"
"ihgroajrd","35"
"ogbbbpjxkhaxjvoztkw","43"
"govorkppajmo","40"
"bdsvlekjazm","27"
"xcunlhazvblgdhb","32"
"swzizkiraetxk","21"
"dohdgguyao","20"
"pcyrjnsyascyyjc","43"
"akanjslxssixo","26"
"vwlthisemaidcgirhhm","12"
"zbkxoxsgdbaou","28"
"lxbuipmerajyrgu","28"
"pdcjdrakwwlon","35"
"xvcuckiastv","15"
"lcldzazaybcopaszh","14"
"nmugapbwo","31"
"jltujexxddsyjufawn","35"
"ysmeuxzuac","30"
"xwiybtamg","40"
"wvgnnhujpmmmaoutcc","28"
"iharrszlkilivrw","26"
"vosxgrlwlnaewmbwiy","21"
"jismawduv","27"
"zasohipmurf","49"
"ejibxntuwpjnuvcgad","14"
"vkgmflswlkoatjef","12"
"mceujrjajbyrgoj","46"
"puzfzrsbrwxcteal","19"
"brmtyfvazkkors","19"
"femkkrhocazureyb","22"
"vmaznzupamz","46"
"vudbudfcvgzzauyrwp","37"
"dalrxkkejkfstddz","13"
"easgaseorjjsifwfkfk","35"
"wssejafynssldwtxt","18"
"abrybgrejardpai","12"
"expgcozwnicxjtrnae","22"
"yacjrdttncrtlf","39"
"npittaswn","43"
"cxytggynafagdka","49"
"orsyjjabajyhmdxauc","10"
"sgwfzotytymrecjcas","45"
"molaiglbw","44"
"tkbgpaxmtjpmjmxhe","11"
"jefwaafnngcwcsl","30"
"noxlaylxbwptckxltk","19"
"hyajblpwcloehsbzh","22"
"symtyippppvfajtfyyv","42"
"ismpyifxjoaijahtti","19"
"iedwmfa","36"
"hjkaxdpkogdgamogr","47"
"bxsbrwdaihlaraplkx","37"
"pddarokyzmkrzfbjiy","18"
"ymngkjlbbrxax","30"
"cyadkxplk","16"
"svexccotnegdngyhaiz","38"
"xmvvmbszygrnoa","39"
"foxdoamfm","27"
"fgmkndcfdalaxyrhw","14"
"msgbtvnoxnmzatr","25"
"dxwputugedsxjaxyivs","26"
"tgutmxdsiwjvaaym","37"
"lavfdfahehfzswomewi","13"
"uchugauscsacnvoozbv","22"
"djhlaieirzylht","12"
"xxxtjcsmvysvarvajh","35"
"nfhyhxoeraokhli","41"
"ahykrafbpleglmwcj","21"
"mbkevurlaopeojc","39"
"ogfayjvmzpp","42"
"uaviiwvmawxunnev","43"
"mxxaxsloawld","31"
"mhmbiadusch","41"
"jmgtjtdvhevcmwamc","45"
"eapbwmzck","47"
"yocrzxwhcdarx","33"
"gmzfvgragpbv","46"
"anplewdaxnzlkvivpz","46"
"rgyzguvnajxugologje","33"
"vbwkbwrmaxcov","42"
"ndnlflgrebgsgeaaf","47"
"faaccetpfduhxevcmw","32"
"knyvmssxtpami","45"
"jzbaarmitopizpzj","31"
"omjtrseplbvbzdzwdga","23"
"cxeaizexwzcb","18"
"ayflexghopb","33"
"rsxzyoahrrvyubv","23"
"rahyebpjdnmesoip","46"
"eccdpeviadjxv","12"
"hfojzawrxwdttg","16"
"csyiicamaib","19"
"mudkxsncaamvm","40"
"fafpdsvii","34"
"ahhwfpfjcucyxn","28"
"rbzwfxfbdrsvjaswjas","20"
"ahtuzwyzvsuywsxrvvs","20"
"ezonjkhrutzphafp","14"
"gasemauuanrogshf","36"
"etaohxvxb","32"
"vewcarybevtj","10"
"rgldahaabyr","49"
"eywvwvhewamzhum","43"
"cybzagtv","41"
"lfoybxkamg","23"
"apnishltvddclhkfvj","40"
"arsfepbdzaihkslxct","14"
"lniaxekydfhtlfiyb","17"
"sawsodkd","21"
"jyuixwfszagestsdmfk","12"
"zxfdefjbgaed","10"
"madcheackxdgyb","44"
"oknoiobmaoso","27"
"wvrrmmrpzaheihircd","14"
"hwlwkpvgvwalegxym","21"
"ysflbzykaeri","26"
"pykypnbhmaov","19"
"jifntektaj","34"
"brltciopngraa","18"
"sygwhxkcfasb","31"
"zadtaomtkvg","39"
"whkkvbehnsrawxnkeu","11"
"fjnirxctpgwvhaxwtt","15"
"ygpmhyra","39"
"eccihslkswdsbkdkcda","31"
"jdavkamn","46"
"kpevebyiyyvpad","47"
"amjfbgm","26"
"nmwgmbagmudlbmy","10"
"rbknaacujpbgwkv","43"
"eijwbskahxgvh","42"
"akdxgxhi","32"
"vgwapbsrt","30"
"zdupigmtdidyhcispba","17"
"gptsafievkfubtogh","41"
"spveadcmjornwfrvi","11"
"faylximzswrlblrju","42"
"ikrfmotvaxpcjhkys","21"
"rbvfmhfsrmykbwam","10"
"wrflajsusidfltld","46"
"vaienbfot","10"
"xfavhurzrxbnatxpmmw","43"
"wclvayyzddwtuuguvp","44"
"cjekjpplabhbc","45"
"cmiosma","14"
"anxvvngnziym","47"
"ykothffvgmhfaukx","39"
"faczyilnnygc","42"
"xpzxasimkgivlvso","36"
"cvrhaxav","11"
"wvaodngjxnmrkfod","12"
"rnakdpyilmvjticcki","42"
"lsvtfaongiks","40"
"xiypgcpsyhbadj","30"
"rccuaciszrbcae","37"
"btlpancgjej","18"
"pgwmfuca","48"
"ymhvrdmcrhvasgr","13"
"iffhajaepr","15"
"erafsrtamevxa","16"
"rmyzagc","13"
"ptayxdmedi","35"
"xzmhahgagy","29"
"kspkhdnuae","16"
"nsivdka","30"
"vlagdwxl","32"
"romzavjfnidskuelw","11"
"omevuraugtyzuzem","21"
"fnhctdka","46"
"zangwewhlf","22"
"kjnaixbpavu","14"
"mfoemcdzzoarkz","37"
"zwaziilbiwxpukuyirp","44"
"skmcxfnpccaikuxmjhc","41"
"aplberdueuoi","15"
"xcfyaecytocawywxw","16"
"fxgbmvhckaobfwpoiii","19"
"szassjmesgtcze","40"
"pralspamofpzjhooxie","26"
"rasopgebh","18"
"rxyfteieomoa","20"
"anszgtshpyyygp","41"
"rntodaychswyzcf","30"
"oadjegfcobrzv","21"
"jyjnalgmtss","10"
"macnibfkfzzrml","36"
"awvsomafvp","20"
"cigbaxizhfjmccoi","31"
"bttnxnavkyaucn","40"
"ldhcwfzsuckajmymme","44"
"kmjumyoxzjragoefd","41"
"vptsmikapb","41"
"ojkzmhakeogono","28"
"kihkdeapebluthdxi","36"
"rwzrixxffrgdirap","17"
"odafvxudrtwmlo","44"
"tcyonbayehsryeu","39"
"wamtkimuhtsyy","37"
"nlycfyufaolge","12"
"cjandftxvexsyoz","39"
"smgbavg","24"
"yebvziofcvjrjkjai","46"
"nsbaabi","30"
"gvxurewnogosa","20"
"jagobdytgpp","35"
"yiadcpoy","32"
"obwyjbopraloyk","46"
"ildhpamhmhrwfsytila","40"
"vrpgekphsgpvwavm","32"
"sktpcvibamsz","19"
"imwinzgpea","33"
"ilnsxbdoad","39"
"mzjeuzazthfrjrtkdjl","32"
"jpdvgkrhptbgdvzta","36"
"yfmwskkdkvuxapmr","39"
"pjjxadavloo","26"
"wvrmnxdgrdjgjatzkdz","31"
"aeesxoiuh","29"
"nnfvnspallods","26"
"arjoljyjkhavv","21"
"xjeimzjarauclfm","27"
"akalbtabmgrsilb","17"
"gnnirrrardtwgbrbax","30"
"cufaojzephvttcr","30"
"geabjixryadhgxa","12"
"jopvesiwwphsmmngagh","46"
"jmshdoaonwsf","13"
"egnzgmemaanrynprxkc","34"
"tpablughzj","19"
"rogvelkdadho","27"
"sdioyfeagyxl","43"
"cmzrzlmajmmxbysiz","39"
"xhbyortxmtyva","31"
"lmwxjaghfdkndegfljm","20"
"jajjdacmmoh","47"
"xufpkacpnrgdjtfpi","29"
"lmiapvcjyacb","43"
"wyzxahckkmtp","14"
"awtutybvlic","26"
"koxrrmavwel","47"
"kvtyxrrdbairx","26"
"lvamylklcvnsuvm","21"
"utelayxwotuxbfdw","45"
"gsayyuzcakpegngcsl","13"
"dozyhnwxa","32"
"anphmlu","36"
"udaigwwprueoxt","25"
"acthtxwd","38"
"rtsavxocjmiuronl","44"
"lhtsjmjoatrz","48"
"bpjhgavtuaeekly","36"
"wugmashgfjyzektjogj","15"
"vaxysxxjuycfrxlvt","19"
"tsaztxgjjymjtnbvl","10"
"lylvciwfgpacmfb","31"
"ddwgpwxnmbspocdsa","45"
"fubahioh","47"
"obxmdcalv","49"
"zlkmpggajmpd","15"
"egrawjydltwfgwhc","28"
"zmgphcdbiwxvuefla","35"
"ubzyspanp","28"
"ewdabgnnfevxfxyuk","49"
"habagmdlnj","18"
"edlxappujva","30"
"bazeugfuxxvc","47"
"elsnmolyivjaee","45"
"wbrsfzlaobbwznvrex","23"
"zbxtfrzgurialgjo","23"
"vztnluamlkmsiazt","47"
"lysupenaur","48"
"trfxfypimfowta","41"
"avgyzurukipa","41"
"mizfblocerxyxa","18"
"dufgelrknijehbpaoz","10"
"wmsxwdncwlzkfsam","44"
"uzmvetyahc","36"
"vdmkgialpli","33"
"alncbbueljfctp","45"
"ykcrwafictyjaa","36"
"ysanfsjmruxirpumr","44"
"veewchahrnmgngxihv","24"
"txfdeahlrdk","42"
"rraxtddl","40"
"vlatuvaockgxf","18"
"swczgoywaurloryj","24"
"xvfmvtijimltzhawv","39"
"cxailnhvamprptcoxk","41"
"ltjfkazmxewohiwmxfo","28"
"iufebhagwlc","35"
"acafzneihy","41"
"ghlpvxwvangpy","47"
"kbdduabnph","41"
"jzijapnjwszbnpivfsi","48"
"pwaajsdcvw","10"
"pdotfanochilwwij","38"
"nhnwldmiezfwyya","23"
"rwrngnuslsfetzraxyw","27"
"zbatoenictwvayzglhe","17"
"kugtnxpvsonreaa","38"
"wgvlkhxkymxak","28"
"xwnwmkemasrrdnub","45"
"pitssmdsxppoma","17"
"ulosyceauz","28"
"ihrnaelxligd","39"
"ovawrefdzmuisiwavm","48"
"jamkxdaiozorncws","35"
"lylfeaeyrtoisldu","15"
"dancchmuslmzjgc","39"
"jzexwua","10"
"yyinzldukwmaffasd","48"
"emixuuac","28"
"dynuyaapi","46"
"permjawcasi","40"
"gmzludjyzawkardr","46"
"tarzmegizmgzkkvnly","48"
"latdgwmyae","42"
"idgyhnwwae","49"
"zdcllefazvwxcyfxtg","31"
"khpzbwdolayj","14"
"efwuzrhtxrwyjmxak","34"
"aolteakxdhztove","30"
"yavjcsobgmdfgibmfuo","17"
"obccvxrztwujarrlf","43"
"smgnndaljodghi","35"
"ablardurouasxrs","44"
"kxkagft","21"
"agnolkljjjazaerta","34"
"magpsfyfbrhcf","48"
"pfawbwraffcizu","16"
"yurxwkcwzfuyamxjtte","19"
"barysis","45"
"npdzheknwzawjah","43"
"ccavmtcnbghcdav","30"
"hwnoevtajijw","38"
"mzfaloexymb","43"
"ahajbtac","24"
"xwapmabyoabkpkbrzdu","34"
"wrgauyuptsndhb","13"
"wttpaujmtzaydhshiy","19"
"ppyysadfttrpxf","27"
"bwzjzltgavenwtj","35"
"yktclanaehh","27"
"eaferharleatkh","45"
"jopatoddsyvulheuub","29"
"peonkuxmyaknox","27"
"kolafmmrukp","27"
"avvpfonuommtjgatj","25"
"afhdhbypdcrifh","35"
"nrplkreafzejxfzzxav","33"
"bhmkoabucxuxpoh","20"
"gonsxycmuwmtanwmh","33"
"nbmowmkykhiewnxocya","14"
"hkcxayvybmfpmz","18"
"hfinldzgbcjmdabyfx","38"
"eeeagemcf","36"
"hmjjskjjdatgbxjw","47"
"xdoolirolwgauaar","46"
"hnapafoftnxjw","48"
"knadifuo","18"
"vjwarlkxfipsvmxg","39"
"fgwpazjynfwtbmnovgz","25"
"amovamvd","19"
"hupzotyvhalg","31"
"skyctuuwfgxbsba","47"
"slvlbwdjajroal","17"
"nlgjfdwumzaupgyoi","29"
"duvhtystdzxssawr","40"
"esmhzawkwemmf","14"
"zlwvsxjwniatzc","38"
"wxidycdnsvnxprhda","49"
"apyocjusebldpjmunx","22"
"pdtadyvbv","22"
"orgrlpjaxectcudsw","34"
"vyiwncagj","46"
"varvacgmucztmdbvsdh","34"
"zoejiaxltmwxlb","13"
"pfbwlyldmsakzfamda","20"
"rzfioavw","37"
"dnymdwaex","43"
"vyogdumiaokgragj","25"
"akveearejepfihx","32"
"goodnfaxppmgmlcxbkk","22"
"wkkcpllzvdovsah","36"
"afclxmfwmkjdfnp","36"
"nclhevzbpacbhshhus","19"
"fsfpigwpjstwka","49"
"gvpyaikmtkhoevk","32"
"llpbagzcitsculjno","33"
"mldpgvxyesrxtkpkwwa","25"
"fxtihlojgagimajzxi","32"
"zvyzpaadehxogjnbjcw","45"
"bsxrplxrbhaxffxenz","34"
"akoratewjk","29"
"pbengithagohdo","20"
"rmulbweyajtmsf","24"
"wthkavxiywcglnxj","26"
"wplneghbfuhwiexaok","34"
"rjwmjelzoath","38"
"iniuxxawbdybte","13"
"aiabjby","44"
"ljwgixwiaftp","40"
"xmuafpwcdljxznfo","28"
"ucrjmenammcihxd","28"
"kvlufsgmapac","30"
"garacao","48"
"ztesppgjjjoaym","44"
"ltdirtyapbteifhkxhu","21"
"dulixgjovgjakjuputd","39"
"kmvalbxdtyjroaxlyh","49"
"nwicdvfzaozgczeg","10"
"sohgvvhvwkrwaf","47"
"zxzvlaryk","16"
"zufpfrlusgkuasoayk","43"
"acfhfncxcbnke","38"
"agwblvofzebuxalf","21"
"wilytgvyacnupnhwrl","38"
"kzznthidzxjanwv","39"
"wwmrxtsgkekat","15"
"dcplvkjha","47"
"pyrdjjugawcl","33"
"mikszsiuhtjslaolgp","17"
"cfjsjakzazktmpauwiv","33"
"sbxwehayeggryynywp","31"
"hsjdxaye","16"
"orkhjicbbdocyfa","45"
"jyerdnpxoyvwazekdhf","44"
"igiwztfajoaiik","26"
"lbycwpanxnyi","34"
"jjroankkfnuwpn","31"
"kstcuaccmmxzl","36"
"lxrsiwsmhcmaev","21"
"hvcrcamszx","20"
"dkgyjardymchbw","34"
"hdwktrolxapxm","41"
"nobymsija","34"
"srhdvnasxbyxcephf","45"
"ctckmrekadnnjy","35"
"oitimadxedgcix","20"
"idxzgcyelinhaepccz","41"
"gthvhzraxvjamd","45"
"aaxoehvxaphc","14"
"capfvzznykdbkwnedg","29"
"lcwcalddbjpkuvbfo","25"
"byxkeazehvfgvfl","34"
"xaoyhjnsokxjdc","48"
"piidckaspmyjksj","47"
"tlobhwoklac","38"
"lvndadmkxclgssxbk","43"
"ealxmmrvibeu","35"
"sgsnfbmazzpuv","19"
"hjayzsmjmdjtpnwed","37"
"yihuvajnwdy","25"
"cbudsnoiynvka","13"
"rjkcokopmamtfk","22"
"flyzvao","42"
"kliovxufodmalze","36"
"wllrlga","25"
"zcddclfsurbdaztup","27"
"jztlpuifjkcasfj","48"
"uepkzukmcbdtnayrd","37"
"sasvysvkxmwsbr","32"
"fgyezav","35"
"uczaffirzawhrai","11"
"mcvkaiu","16"
"ganpeigwsurmkrdje","31"
"rgiadrbwyghlje","35"
"wsapfakrvsudd","15"
"bmaogvhibvsulfu","33"
"lhxgkjadseslgwth","41"
"bzwopfiwhayufgk","15"
"fbgxcnuanzx","28"
"aascbpu","26"
"mpbhtpmiibhybahgv","47"
"zhkawudexcd","10"
"kbpazggtgboinczwsv","35"
"kdubhhdoeccpudbam","35"
"lvlalrzu","45"
"sovhletngeobdagnwte","33"
"zszweawygbbtfydlyw","42"
"raoilmcdnrwgugmpiww","20"
"rmlhamlhonhowpelall","23"
"vyytkalmex","13"
"miiajrfueropso","42"
"jtyaesnedzopdpi","19"
"tyelfzrvdjaheghf","22"
"afoliocdppobmn","15"
"hpxjakbkowoy","42"
"tekrraaevv","48"
"ulasfllmwt","21"
"iaodlvmth","47"
"ygxvixalosjll","23"
"ujdajcanxbrtjpvyygj","39"
"apnegaftrv","17"
"dvpkhsrfknbwzazobl","47"
"piefcapfizsm","28"
"wagjxdikuuu","17"
"ntinhhkszcwma","38"
"ascsicmcftvlgpcg","12"
"aseukbnkvtzcindguv","13"
"fdabvgnk","35"
"zyfacalhgyalthhm","40"
"drblwxzwkfnayz","15"
"ekctfgrpaykej","26"
"cgajotujrrllhwo","24"
"jeuuaaks","38"
"rdbaggblhfxrbkuu","21"
"aotlamjykemsescwpcg","24"
"advaxbxu","36"
"ybaymkygpm","23"
"ieerrcakkxtsayui","24"
"wpbplanpfucfdbxt","28"
"defvmadugtfdtclu","36"
"stvalgji","33"
"hbcbkzfkpauzdhzuyg","23"
"mnfzbyunzgotwnfoa","27"
"kkkuozmezsrdaune","45"
"cckamvsmxepcwcsf","14"
"dkfvglfivyspshkao","13"
"vravrraeu","41"
"tpdbspahwkel","13"
"tgyiajjbehst","15"
"tajdosweb","47"
"menvvfssogzaesm","49"
"wxaufktxhczdwhwtg","49"
"ktivjndesabzl","10"
"apxslprumvekn","36"
"asdldybr","13"
"ykwaezitv","38"
"fytidbka","41"
"xgdujikmahycmwomnt","21"
"ufirdkjaauorm","12"
"idlvxaimmggppe","11"
"ntbaepuwkojpjpt","35"
"ptucmawz","16"
"hbwvizorxtpagmer","28"
"awvrxzrkucwde","24"
"fkryxhizkefsal","22"
"muuvkadv","36"
"hutoslabzj","37"
"ngoupavrlewe","25"
"iebrfratflzuhr","33"
"zjuvejpdoywjamop","45"
"bbefpbabbmslnzztio","26"
"gsacosfsc","18"
"oozlatnsa","39"
"syedhwjrxima","45"
"zkjafizxm","29"
"dcidyzefa","19"
"anvadixktdw","25"
"ancusrycwapjtzb","25"
"fvrzvzavwvxk","38"
"hbjyasiibvuzjokebhd","43"
"awhmvbzefgejd","12"
"tjuthspa","30"
"hxfvzmwakiwwrpzcypy","40"
"xakitdjjuckhwse","10"
"pgvkgamdanhx","38"
"tuyyfwriotaxtwvee","49"
"haywhxyxkbxewkc","29"
"vdbknia","17"
"xxrjaxukjxblkja","17"
"shuanyfrhsg","10"
"halmeyhoz","28"
"osruwsaedajmiorw","45"
"lknpnaaaphoazhdddl","49"
"fakpnvkvzxgt","45"
"cyoybgeznlairlr","17"
"nvhuhbasbwvuwr","31"
"nfijraxeroeww","32"
"jtvwtakigsdwyburkfm","11"
"cwaofcwcm","36"
"gaodudpba","34"
"gwpnkeiaicvnef","36"
"owlhibttayorkus","18"
"sbuvacfcauptoftapwx","47"
"ionaixuhrpahouadwwf","32"
"aeranhziiklutzzv","44"
"hazkdzkdoeiaajlek","32"
"iuiehtfnmafv","11"
"ekbfwurtagjkov","37"
"wlrvauhiv","42"
"wfuunwoxapflts","49"
"eifvafsgtvsvkrfsj","24"
"kutxcayarab","43"
"yvnanykmsvfzfahp","37"
"dkfpbrzidpcubaarp","48"
"odyjktjsenoaweizaed","17"
"moajclgzeu","23"
"hoauayggi","29"
"mmlotvwbidncxagxoj","25"
"nerfvnvacm","21"
"edujogzlctaw","45"
"guzutsbjtramgdjhmc","48"
"lsnghvaerhumfz","13"
"oasneoghxc","40"
"snogzea","25"
"jamyczvfswvuzsm","14"
"boxfzasnxkeocgxzbe","38"
"oobuawyapjhjwwo","21"
"sifybag","17"
"orxnvxjvytctkzsnfca","41"
"pxauarbyflpzfa","36"
"soychtewwhvaixvzbu","43"
"arzsjrz","42"
"hbiruyskmnszxnrarl","26"
"xtbrpjbpfloccadx","43"
"wasbzaerg","42"
"ipvinzlhgaf","40"
"wxdnmabnagwr","17"
"yvwbgkclczjaw","39"
"hvkpcpsayshrjxferi","23"
"tdyovxtzjojailyvwe","40"
"jancnabsj","40"
"xaghcouxxaiuyem","44"
"dgbysobupoenrba","14"
"gvcxwsdaudbsy","43"
"fsojtriyrxyhmammi","16"
"nzdmipajzsscmtxn","40"
"oxstsnpbvapp","49"
"tsnippa","17"
"tapmnrfppocjwstsld","45"
"kvaixsdpcvgxg","33"
"yzvzato","35"
"ozmmcraocihjl","40"
"ockuorzymrggasdudxs","47"
"krpvunumuatnzra","40"
"hrahtkoorkbhpxmese","10"
"ubrvhyafc","33"
"ciouaidlpfub","48"
"dnzlsmyddjsaiefsv","42"
"avddzpewnce","40"
"jntbcacnuzmpzz","12"
"gbhvvaiketbjnzspacx","22"
"cpagzdgogomtu","40"
"boggazkcbztduki","10"
"xrhglkyadg","30"
"txinhaga","16"
"tjnijwajdjocvngc","49"
"zykaneyi","30"
"hxztrpaasofjfo","18"
"dfyhzweajuyua","29"
"sapdlfwc","49"
"vjaketnrouof","25"
"yrlamoxaf","17"
"wbsokjbnpaes","16"
"oorgftybadzl","46"
"cvknfgoegsria","21"
"fclcsyplalma","45"
"juajjisyrcs","31"
"rpusyzayykngmzmlsi","29"
"fpsmzjelkywpgfuab","37"
"txusflftvabefs","36"
"dirawylsnvuyfkyko","14"
"xwhsiisshjsvabbdcni","39"
"pmkfxmmvnpeaxxb","39"
"mmejulnaohp","30"
"tfogofrpkdiwgavpnsf","47"
"rkgaxhrhftwn","13"
"hsskfmbxmadzj","10"
"bnamazebdxlayjpcjxr","44"
"cwoariictibgsz","41"
"wmmrpjdtmxlxda","41"
"oaaemsnkgiyniou","36"
"dcgulsbpymynjadyep","22"
"azsyubzzxjm","41"
"mjrvllzkcrcahmfkj","41"
"vzyesjaaxg","23"
"bxnsljcpmksfvatuy","42"
"omshnvskepctopalw","34"
"pkjxzpscxazyjwlda","15"
"exujtxumxtyazcn","38"
"azhfnls","20"
"fallaxcvdnx","45"
"mfgunuftxutgsbtao","49"
"pwacopdhkndftjxkhoi","25"
"shwznafmrsicgxsb","19"
"wiuzszmxzpobaig","46"
"xjcrzlcdsbpnah","43"
"jvftjofaxxijnpok","27"
"cvrmkigcapgfjt","44"
"jwdelizyamvwcv","10"
"jdxigdab","24"
"cjftwifbnoanjmu","35"
"ryvkxkevruzusaiudz","41"
"zcyowuksaccyjmnfbb","20"
"vkhkeamkw","38"
"wueiuigitzhywccmajg","44"
"pyunkeliatfkoeam","37"
"hfatggimaf","27"
"ugzzyokokfultya","15"
"jdgzaadzczlzztmh","13"
"ugashduzursfjaeuu","36"
"xiacuaibvricupk","34"
"bdaokrre","37"
"cmnufmbtehamhdoizx","14"
"dvpcanjpmub","39"
"ciandkxmjdj","13"
"abgawddazcfbbtwbov","15"
"xoassdkv","49"
"cwvcckbfea","32"
"nbovahyrbawaye","12"
"cjorwddymjfrcbpegag","13"
"agdhhspvhxcgxg","34"
"ervgpzasbt","24"
"ffciyhxguuaxzfxbxd","38"
"topzctbblpcpa","19"
"nxrcunanc","45"
"lyyhemnonxgzxtawke","46"
"sxecnatfdcwxgeh","27"
"koeiapwhfajdgnr","19"
"kctmzadekn","17"
"xdfjjseyah","34"
"lzumpakfeeffccvy","30"
"rjsnyjclazhc","21"
"vddhjlfakevvujokd","44"
"mmeclfdcputeacx","11"
"ktgalcaau","24"
"suzopoifnzrslahwx","24"
"lmziacwit","30"
"fsoydrezfawo","18"
"ixvnayasjbxkvsj","39"
"mfglvnmaipragjto","34"
"bnmcahahmogupm","23"
"bcnfdrmwpad","48"
"uzaowdyktpnia","41"
"abtxcfcfwmoj","48"
"zenffafzezrxfux","33"
"cgeljatrxry","39"
"tmzycprsdansjfyet","40"
"ovdzthaace","15"
"efueaapygcuxfcr","26"
"fhjjzhcfadxvzsnof","27"
"yiyyikdzavhiou","20"
"cvixlkeikaj","28"
"cgdimaoyhkbaonr","44"
"xwtrtycwsvzwha","21"
"xciosoletahzp","43"
"augzohub","19"
"mggsekprzlkeiawv","34"
"apsraikl","17"
"bhaklzwaxxmdydr","38"
"kvjjdpzan","13"
"sfnahfgfgdlxeymvy","16"
"tjizsscaljvfzhccm","38"
"nwutnerjasajajvozro","44"
"srudgpcjwrhtyeta","34"
"xpgsazbtsvviamilh","19"
"wyspjdmmaoryprer","18"
"pfaamjcvw","26"
"irtbdeasa","23"
"ynlwsmafoo","37"
"icrwtaikloooodxpyr","47"
"afeayawimf","44"
"jwnhodgalogjgrpgvm","14"
"aejzkyi","20"
"ljkrwyiakzessbe","26"
"lwjnrxaxs","37"
"ixnzlzikrybrlwfdema","28"
"bmatcrifstfgejukie","42"
"lzhnddarsmcab","37"
"eaupzofxnkux","10"
"cnxssfzamcag","45"
"nccxacaabdgisiexm","25"
"mkafpefasdn","31"
"nkkcaafvoitrlcdkzwa","25"
"xaovsmmxmlmorkk","46"
"kngwnprarr","39"
"ijypkdjfgteaccjfgj","18"
"zgsfniafkmmym","21"
"bwemwggawgruwayygb","29"
"wdnawypzsnn","29"
"ugmiabhum","49"
"pwukalkjmvlxfcl","31"
"awcczximgcofjgbutvh","28"
"afvjswpijcgkcxfhuk","34"
"balijcp","11"
"pafnzvlodjbgsftyz","25"
"liaakzecmvzebjvm","42"
"vzprhigaiee","15"
"guleoaumbbbjmvb","43"
"pblzagw","26"
"rahpwlgxj","41"
"pidapmr","38"
"tknidxzscpa","46"
"ilwrsstwvaoznmvy","41"
"hxzsiijaxovhhlitza","18"
"oixsbyuskbvrra","45"
"jswdiaddscnjbxeabap","24"
"tswaccmukb","18"
"wryfxixctcjuca","23"
"jifoapnsabhtwhvl","10"
"pfazirheaouoz","36"
"wafcwgvnatjgdwfc","36"
"nabhkmufpmlafmelxj","20"
"ovjsfcdoadymvcrnx","20"
"zsyhtukgwaphwcyl","40"
"aonzicouo","31"
"alvjkkmazbyhterks","44"
"zesuylprdwngtaxjp","17"
"fukluawwgyk","19"
"xyjhzjhzjae","42"
"rpncvgtcgjarekflhs","44"
"eralypjcmpkd","31"
"estwgfhjdmtaese","26"
"lizxvmlakncecmrsfr","42"
"ijbdxwa","15"
"cfyfnanaxnh","23"
"eyhthhdajn","42"
"hzgwmitalaahtwb","35"
"czwbsxjxavcaml","43"
"xjjfmsazvvuunkadims","38"
"yczaiihg","23"
"fgzngemselsbeudukaf","25"
"jeznuglbhrcrya","27"
"xnbuowegrbmtzam","37"
"iwahkpzycpmpju","15"
"wvomfapyisk","33"
"cpfmlnmcahzpzcx","29"
"lahgpfzfaevfdd","14"
"appeykxtgapksjchly","16"
"zzykavmnenll","36"
"gkuhkavuenwcarzu","19"
"oglmocadmawnbt","19"
"rjujhaik","40"
"bbiaxjrnlapjjxdao","13"
"anaffymod","42"
"bahnyzga","22"
"ajymjyybtekzfrcp","32"
"bxormaeco","10"
"fckzrrzfsanuebijkhb","35"
"njknkhhusapgzr","29"
"stjvrzbtuvkasmz","39"
"hibtntasvmdfdd","48"
"wkeyvobohxwdarffly","16"
"jpdjebyusttauelb","45"
"ieyoixca","47"
"yvfpcelxticauj","10"
"zegamcduxlptshh","12"
"atgafbrfnk","11"
"sxybtffwartl","16"
"kftayur","30"
"ajnapnwffycwyuz","11"
"axltkhajihiddjddf","18"
"xsaulwnghrnrr","16"
"caniesraxefrfejj","28"
"pkjbtaubvx","33"
"oadwfmo","42"
"mmaaxlnkgrsz","47"
"bvskbgteskdna","40"
"evstsvjega","30"
"mctlryvrbnryieakmaz","48"
"hbxipjraewwmftzwos","44"
"xbdcanxfjdjladedl","13"
"dkgahgpjkuvghkivj","47"
"jzfelvipphszrla","48"
"wmkpnbaldvjnhhfa","49"
"yzovpcywyaxjnez","33"
"bwisfwmpmia","10"
"rjrgadgjdxg","37"
"damuwjdkk","22"
"vjaptutxwetkczu","29"
"ckyenaiufcegguadvf","24"
"xcoegamrjukvlvmmlu","11"
"gpvzxlrbczaxswdcn","12"
"tuoezibrmjanmopdlz","43"
"pjzzhkaagddnryco","11"
"lzoauttxwywustwknh","48"
"aphnojnkxi","26"
"ssvxaaazlswoc","16"
"bbzeaidsoblrbjomvv","45"
"teaizvnwlwg","25"
"ganpejxise","30"
"lvlaaiurjxuwidjz","13"
"vcnucuwatxdx","12"
"zowmsfscbmbmadklm","35"
"ajftrxtr","21"
"ynnnaddw","20"
"ramnckuxruzhxjwnkl","38"
"aeabdhcj","43"
"idkvgntdawxrsa","35"
"vbkbhjbkwfaeujumv","29"
"mtftrkacjdritbx","11"
"gjmvnbancn","43"
"gixwjarmzkgt","39"
"mkramakspepguwlbpyv","19"
"ocwtpwgalruvrlw","38"
"ucvxryikohasosrnh","18"
"rtaulghravefxjapbxs","40"
"idalkxwtyo","42"
"aatlbtidmtxf","38"
"mcfdxrywrhwafr","15"
"wapjzfibpsor","10"
"khiomnamomrbazbnjnd","12"
"umkhamkvhrpfjfo","48"
"myohxerwypluvpkraxz","22"
"opmwwauzjm","15"
"esvczorlyvxspaimt","17"
"ewpxdsasjn","45"
"fwoszwlas","49"
"gkzuaircuz","12"
"ajhgcffaifboeb","16"
"zooewiauspmtrzb","10"
"zazrujlxknxat","26"
"laclvdk","46"
"bixseiyjaogypaony","46"
"hhabhrp","21"
"rcivxvbkcaovzg","38"
"jakryzp","11"
"xapyphnrf","15"
"sffoaptxfi","47"
"ucncphaz","21"
"ocleajfsseuglg","32"
"smnxtmviksakobcz","15"
"fztxzksmsaslrrb","22"
"cfaxgzottyemtl","15"
"ktlolmweavxkuieibcm","35"
"esdevacypokpdhmjf","13"
"umsabnehrdsf","45"
"cscwhhkaxvkxgecpi","29"
"euzwhao","21"
"eshievxiahspacv","18"
"rsuujvuukakrwk","17"
"yhwfvpzxpamuojksja","27"
"fysjuanzdamm","14"
"astpzhmiwmnmegfalg","35"
"ytasrxzironimcg","17"
"ihwzbjxocfachx","37"
"raflmisszpcyobig","10"
"jlmpazdsburwxjpwu","14"
"wnrdfdcacnfndxfop","22"
"twfvlzwtpopajwwu","19"
"zepzwixccbzjlbocanh","41"
"xrkkaomsmfx","47"
"vauflumxww","18"
"didcbflrxla","37"
"zsfrajrteduvvb","44"
"adszlzdw","21"
"novpmankrp","35"
"keaifwmpywgy","19"
"pcafwjfoudbtcgpl","12"
"rtsaaooh","43"
"icjuatniax","27"
"xhnrhxbjarlf","18"
"dljwvzeggnzfobsyhra","22"
"fehacuetr","31"
"nnlnowiabszpnz","17"
"bceeahhda","39"
"kybvdpatbdpwhaowtes","30"
"xagutjfernsgap","49"
"brbplzmvahuyxew","30"
"iukmvwlhuapvf","42"
"kcdbnyiapaabkt","40"
"llgekzicaaausaon","42"
"ewajzhfn","10"
"vsayhumnlavzdu","31"
"hcwkdamlckrjvotgr","10"
"umwaeogiwyy","26"
"fwbatxykaziwxd","42"
"uniaxcdymleaxwx","46"
"jxyfanxbmzh","13"
"eaxietjc","25"
"bvxpwyunmtpa","44"
"baimdtnan","46"
"iizgagj","32"
"jpyahptk","28"
"xhxwldxahtdolikpi","42"
"ynghcmyasfinhlgpnp","14"
"vipmuinwfuyldbay","29"
"ojokhxunzafh","13"
"asrfrluvnc","44"
"pkpmbajz","28"
"fwysmbensagyhenz","22"
"khulccedozxdkanampl","32"
"rxnnerraggfzijwioi","26"
"gjmyuessmosxreoohja","24"
"rgvzuaxiwesxz","18"
"uzjotgbbjveulai","43"
"mhfvcebakzyeygxhnyj","42"
"hoiukeawtrkjkdpybv","19"
"esfwngtkvualdwaoh","35"
"syogduesvaedu","29"
"raabchzdmewbxlibi","32"
"wukwulaojx","16"
"igiwwkdhcojoa","35"
"xefawnjymawowcn","17"
"tympcljmnafyzpevbw","27"
"hacxekddrkptwztp","21"
"dhglxgua","38"
"cmellxoziaspe","20"
"zbwwgthxasnyt","10"
"ryiscrolorixhapjjbn","41"
"tvtxaudleabzr","49"
"egipjtscxbla","43"
"bauogkpjwvzkwxswvtc","11"
"magscrrxu","30"
"xjssbzjzyyfakzup","13"
"ixmlkkchualxtyhozgd","20"
"wshnnmanxjndwjppai","35"
"legghkddaro","46"
"xarbryyxtvyystpwj","31"
"khbxxrhyeaygbdlhaw","15"
"talsvfiaips","20"
"mcugnvoctbfabfvlvs","26"
"angdbmw","47"
"ppinnlsaahidmcw","47"
"sadzfkaid","10"
"aewmykcwcxuolfrhgs","22"
"jdeheapkgtatmbau","29"
"vntfkdoaokjcr","36"
"txpzsanorikraiu","21"
"epkylnilsnbvdla","30"
"zakzgnebtuoajkesdx","24"
"joxfadkdvsmsbxvvlya","42"
"amnzjwynaimoxff","28"
"saxjikyiguoawe","18"
"xhuaoprewfkim","23"
"ktjcedfnztxbnxnara","48"
"haxkfovsrvszltv","45"
"cwrswatafr","24"
"edvxnieevtfxae","39"
"mbyvymgavfwjrgo","41"
"haxswxnfjsdzdaxioa","21"
"jofkfyiekdeblzxa","41"
"brafirpbvjifvdtdknk","33"
"raukbht","44"
"ivxhlgoouglwa","45"
"caxshvtmnaelgdz","26"
"xhptttuuijjadgrki","49"
"atjvgozsyvvisi","34"
"hheapccjkfszfdkgiap","22"
"pzyyaoj","34"
"yoajcwbo","36"
"dawmtfjiarvtu","26"
"ivfdktat","38"
"ffugsnkmapsibwbh","14"
"lyaledgizlwdpbmd","38"
"ivnfjavkkborbvws","15"
"kekinaxz","21"
"dpikiizfmbzvawson","26"
"ndnzjisbkzalfdrjem","18"
"drhydblbnylscmzxa","46"
"ktxpcanyus","34"
"stmlmxtiak","40"
"uolgrrwfbgcndauw","37"
"rtkwmvao","45"
"ibadfahgnhe","41"
"xhfiuxwgduomafayyna","42"
"jyoamlvzhwr","28"
"xojyhryfapbmxugt","35"
"bemhrcppbfiuaax","24"
"atwffpcjzxf","41"
"fanyyfatfcgjek","14"
"kdraobllcbhzhtlrspc","37"
"peflbha","23"
"cxopoabtuehigymnzxd","35"
"apxokevg","16"
"yzldvdodaxfdz","49"
"mjuhhdxdnsa","43"
"kaznzwlmlit","23"
"pbddiadbayxf","38"
"hbprzwuiumack","38"
"punhfaabhcsboxbx","29"
"wggdkvao","43"
"ischjskbaithnl","29"
"fknooecxrakwbobuk","24"
"ejajmajyuzz","26"
"mwbdlamgb","27"
"vyklghyaufnk","27"
"rletliarwepxk","17"
"ehpmvywdjiidluaowf","27"
"azwcvwkmzyu","38"
"kuigamkysv","14"
"aflshjednfttncaocz","44"
"xzoyatdflbylapck","47"
"aetmnrtmxpx","36"
"fevodtvtmkgakyclh","35"
"vagtiyroxsac","10"
"tayawtcdx","19"
"vheajnlkwbool","22"
"mdwfhrraol","20"
"riadlnkvienr","30"
"fsaervhpse","24"
"lasvgrubwalkpmtceb","28"
"pgdlndaxj","36"
"nforjifas","43"
"gjfzlirleueguyuam","44"
"kbipfuuxa","10"
"dnyyzpvznoldwpaal","22"
"rypbvncdcuekjilawe","15"
"lmwdosibrgca","34"
"zmyicnubageeh","39"
"gdshwseahh","38"
"soswhxwwugcgxsytap","39"
"iaebalgxo","45"
"nolakmxpijc","42"
"ehjkkaberoxafunyzry","31"
"mbxuakpovzdhwxbw","17"
"acfaypxcagroibjhex","45"
"gfecrtxamfzvdp","10"
"ocwpirdav","37"
"nuuisfeiatvtkkuhso","40"
"oeectndwsggvsgmae","26"
"wcbasxb","42"
"vwlaionvbdcidumsnhi","31"
"rradcriscujzdrt","10"
"oblckvgsngwjxzipa","10"
"ggyacljoaxxupiksktz","18"
"alonlgpthwtidrtfth","30"
"rfocjatehmg","42"
"yryoxznegrveacrpxy","24"
"vmekcysajyii","13"
"sogacyuhcordiwa","49"
"jzanuowsyrvc","40"
"ibxsajhymc","22"
"xhedaog","40"
"dzhnbura","18"
"oxpylualkjfhgodoark","47"
"tvkhvasl","20"
"iooxdolubjjameje","47"
"jcygdxehukarpbgz","46"
"rcxrxexuheaywrxjz","34"
"avukglayawxwxx","24"
"umsdaeddxbnm","36"
"pnpesewnvtmokgeasye","38"
"zlerhuvbzixrzaost","20"
"sgjyaejuekmmhsrd","49"
"wmakenosyhcpsebv","26"
"wnpyaawooycxy","17"
"aneguwoekxkkatag","17"
"dytavtlpebwcicll","15"
"yejirzsjoa","49"
"ijkyyocfaizcwuywr","44"
"vyiadbhfriiw","39"
"neotbbpdpafuwuw","10"
"nbpyscriebjaoxg","30"
"mmjbfbgaxmztng","27"
"imoxtwairvv","34"
"mjhxynluadzuawcggnf","27"
"ghnnpvhaiytdpp","12"
"zfazneurinykgm","37"
"faumdnzupcttnkm","13"
"ttowfputeawalfht","23"
"uuurvcjatnlnripbsrp","23"
"ixnksazl","40"
"knwaeighs","41"
"omgrawmgunzo","19"
"eakepvpkphfbsipycyu","28"
"eanwsanerllrmwowwsp","25"
"hnpmkagxapgnfhhgmb","21"
"aorwxnrouczbh","30"
"axgothtllwjmcc","10"
"kbaflead","30"
"aklamauhchtfnwxh","14"
"ptrygbarjkj","37"
